﻿"COU","Country","IND","Indicator","SEX","Sex","AGE","Age Group","TIME","Time","Unit Code","Unit","PowerCode Code","PowerCode","Reference Period Code","Reference Period","Value","Flag Codes","Flags"
"USA","United States","EMP3","Unemployment rate, by sex and age group","MEN","Men","1524","15-24","2005","2005","PC","Percentage","0","Units",,,12.4,,
"USA","United States","EMP3","Unemployment rate, by sex and age group","WOMEN","Women","1524","15-24","2000","2000","PC","Percentage","0","Units",,,8.9,,
"USA","United States","EMP3","Unemployment rate, by sex and age group","MEN","Men","1524","15-24","1995","1995","PC","Percentage","0","Units",,,12.5,,
"USA","United States","EMP3","Unemployment rate, by sex and age group","WOMEN","Women","1524","15-24","1995","1995","PC","Percentage","0","Units",,,11.6,,
"USA","United States","EMP3","Unemployment rate, by sex and age group","MEN","Men","1524","15-24","2010","2010","PC","Percentage","0","Units",,,20.8,,
"USA","United States","EMP3","Unemployment rate, by sex and age group","WOMEN","Women","1524","15-24","2010","2010","PC","Percentage","0","Units",,,15.8,,
"USA","United States","EMP3","Unemployment rate, by sex and age group","MEN","Men","1524","15-24","1990","1990","PC","Percentage","0","Units",,,11.6,,
"USA","United States","EMP3","Unemployment rate, by sex and age group","WOMEN","Women","1524","15-24","2005","2005","PC","Percentage","0","Units",,,10.1,,
"USA","United States","EMP3","Unemployment rate, by sex and age group","MEN","Men","1524","15-24","2000","2000","PC","Percentage","0","Units",,,9.7,,
"USA","United States","EMP3","Unemployment rate, by sex and age group","WOMEN","Women","1524","15-24","1990","1990","PC","Percentage","0","Units",,,10.7,,
"USA","United States","EMP3","Unemployment rate, by sex and age group","MEN","Men","TOTAL","Total","1990","1990","PC","Percentage","0","Units",,,5.7,,
"USA","United States","EMP3","Unemployment rate, by sex and age group","MEN","Men","TOTAL","Total","1995","1995","PC","Percentage","0","Units",,,5.6,,
"USA","United States","EMP3","Unemployment rate, by sex and age group","MEN","Men","TOTAL","Total","2000","2000","PC","Percentage","0","Units",,,3.9,,
"USA","United States","EMP3","Unemployment rate, by sex and age group","MEN","Men","TOTAL","Total","2005","2005","PC","Percentage","0","Units",,,5.1,,
"USA","United States","EMP3","Unemployment rate, by sex and age group","MEN","Men","TOTAL","Total","2010","2010","PC","Percentage","0","Units",,,10.5,,
"USA","United States","EMP3","Unemployment rate, by sex and age group","MEN","Men","TOTAL","Total","2015","2015","PC","Percentage","0","Units",,,5.4,,
"USA","United States","EMP3","Unemployment rate, by sex and age group","WOMEN","Women","TOTAL","Total","1990","1990","PC","Percentage","0","Units",,,5.5,,
"USA","United States","EMP3","Unemployment rate, by sex and age group","WOMEN","Women","TOTAL","Total","1995","1995","PC","Percentage","0","Units",,,5.6,,
"USA","United States","EMP3","Unemployment rate, by sex and age group","WOMEN","Women","TOTAL","Total","2000","2000","PC","Percentage","0","Units",,,4.1,,
"USA","United States","EMP3","Unemployment rate, by sex and age group","WOMEN","Women","TOTAL","Total","2005","2005","PC","Percentage","0","Units",,,5.1,,
"USA","United States","EMP3","Unemployment rate, by sex and age group","WOMEN","Women","TOTAL","Total","2010","2010","PC","Percentage","0","Units",,,8.6,,
"USA","United States","EMP3","Unemployment rate, by sex and age group","WOMEN","Women","TOTAL","Total","2015","2015","PC","Percentage","0","Units",,,5.2,,
"USA","United States","EMP3","Unemployment rate, by sex and age group","MEN","Men","1524","15-24","2015","2015","PC","Percentage","0","Units",,,12.8,,
"USA","United States","EMP3","Unemployment rate, by sex and age group","WOMEN","Women","1524","15-24","2015","2015","PC","Percentage","0","Units",,,10.4,,
"USA","United States","EMP3","Unemployment rate, by sex and age group","MEN","Men","1564","15-64","1990","1990","PC","Percentage","0","Units",,,5.7,,
"USA","United States","EMP3","Unemployment rate, by sex and age group","MEN","Men","1564","15-64","1995","1995","PC","Percentage","0","Units",,,5.6,,
"USA","United States","EMP3","Unemployment rate, by sex and age group","MEN","Men","1564","15-64","2000","2000","PC","Percentage","0","Units",,,3.9,,
"USA","United States","EMP3","Unemployment rate, by sex and age group","MEN","Men","1564","15-64","2005","2005","PC","Percentage","0","Units",,,5.1,,
"USA","United States","EMP3","Unemployment rate, by sex and age group","MEN","Men","1564","15-64","2010","2010","PC","Percentage","0","Units",,,10.7,,
"USA","United States","EMP3","Unemployment rate, by sex and age group","MEN","Men","1564","15-64","2015","2015","PC","Percentage","0","Units",,,5.5,,
"USA","United States","EMP3","Unemployment rate, by sex and age group","WOMEN","Women","1564","15-64","1990","1990","PC","Percentage","0","Units",,,5.6,,
"USA","United States","EMP3","Unemployment rate, by sex and age group","WOMEN","Women","1564","15-64","1995","1995","PC","Percentage","0","Units",,,5.7,,
"USA","United States","EMP3","Unemployment rate, by sex and age group","WOMEN","Women","1564","15-64","2000","2000","PC","Percentage","0","Units",,,4.1,,
"USA","United States","EMP3","Unemployment rate, by sex and age group","WOMEN","Women","1564","15-64","2005","2005","PC","Percentage","0","Units",,,5.2,,
"USA","United States","EMP3","Unemployment rate, by sex and age group","WOMEN","Women","1564","15-64","2010","2010","PC","Percentage","0","Units",,,8.7,,
"USA","United States","EMP3","Unemployment rate, by sex and age group","WOMEN","Women","1564","15-64","2015","2015","PC","Percentage","0","Units",,,5.3,,
"USA","United States","EMP3","Unemployment rate, by sex and age group","MEN","Men","2554","25-54","1990","1990","PC","Percentage","0","Units",,,4.6,,
"USA","United States","EMP3","Unemployment rate, by sex and age group","MEN","Men","2554","25-54","1995","1995","PC","Percentage","0","Units",,,4.4,,
"USA","United States","EMP3","Unemployment rate, by sex and age group","MEN","Men","2554","25-54","2000","2000","PC","Percentage","0","Units",,,2.9,,
"USA","United States","EMP3","Unemployment rate, by sex and age group","MEN","Men","2554","25-54","2005","2005","PC","Percentage","0","Units",,,3.9,,
"USA","United States","EMP3","Unemployment rate, by sex and age group","MEN","Men","2554","25-54","2010","2010","PC","Percentage","0","Units",,,9.3,,
"USA","United States","EMP3","Unemployment rate, by sex and age group","MEN","Men","2554","25-54","2015","2015","PC","Percentage","0","Units",,,4.4,,
"USA","United States","EMP3","Unemployment rate, by sex and age group","WOMEN","Women","2554","25-54","1990","1990","PC","Percentage","0","Units",,,4.6,,
"USA","United States","EMP3","Unemployment rate, by sex and age group","WOMEN","Women","2554","25-54","1995","1995","PC","Percentage","0","Units",,,4.5,,
"USA","United States","EMP3","Unemployment rate, by sex and age group","WOMEN","Women","2554","25-54","2000","2000","PC","Percentage","0","Units",,,3.3,,
"USA","United States","EMP3","Unemployment rate, by sex and age group","WOMEN","Women","2554","25-54","2005","2005","PC","Percentage","0","Units",,,4.4,,
"USA","United States","EMP3","Unemployment rate, by sex and age group","WOMEN","Women","2554","25-54","2010","2010","PC","Percentage","0","Units",,,7.8,,
"USA","United States","EMP3","Unemployment rate, by sex and age group","WOMEN","Women","2554","25-54","2015","2015","PC","Percentage","0","Units",,,4.6,,
"USA","United States","EMP3","Unemployment rate, by sex and age group","MEN","Men","5564","55-64","1990","1990","PC","Percentage","0","Units",,,3.8,,
"USA","United States","EMP3","Unemployment rate, by sex and age group","MEN","Men","5564","55-64","1995","1995","PC","Percentage","0","Units",,,3.6,,
"USA","United States","EMP3","Unemployment rate, by sex and age group","MEN","Men","5564","55-64","2000","2000","PC","Percentage","0","Units",,,2.4,,
"USA","United States","EMP3","Unemployment rate, by sex and age group","MEN","Men","5564","55-64","2005","2005","PC","Percentage","0","Units",,,3.3,,
"USA","United States","EMP3","Unemployment rate, by sex and age group","MEN","Men","5564","55-64","2010","2010","PC","Percentage","0","Units",,,8,,
"USA","United States","EMP3","Unemployment rate, by sex and age group","MEN","Men","5564","55-64","2015","2015","PC","Percentage","0","Units",,,3.9,,
"USA","United States","EMP3","Unemployment rate, by sex and age group","WOMEN","Women","5564","55-64","1990","1990","PC","Percentage","0","Units",,,2.8,,
"USA","United States","EMP3","Unemployment rate, by sex and age group","WOMEN","Women","5564","55-64","1995","1995","PC","Percentage","0","Units",,,3.6,,
"USA","United States","EMP3","Unemployment rate, by sex and age group","WOMEN","Women","5564","55-64","2000","2000","PC","Percentage","0","Units",,,2.5,,
"USA","United States","EMP3","Unemployment rate, by sex and age group","WOMEN","Women","5564","55-64","2005","2005","PC","Percentage","0","Units",,,3.3,,
"USA","United States","EMP3","Unemployment rate, by sex and age group","WOMEN","Women","5564","55-64","2010","2010","PC","Percentage","0","Units",,,6.2,,
"USA","United States","EMP3","Unemployment rate, by sex and age group","WOMEN","Women","5564","55-64","2015","2015","PC","Percentage","0","Units",,,3.6,,
"USA","United States","EMP3","Unemployment rate, by sex and age group","MEN","Men","TOTAL","Total","2016","2016","PC","Percentage","0","Units",,,4.9,,
"USA","United States","EMP3","Unemployment rate, by sex and age group","WOMEN","Women","TOTAL","Total","2016","2016","PC","Percentage","0","Units",,,4.8,,
"USA","United States","EMP3","Unemployment rate, by sex and age group","MEN","Men","1524","15-24","2016","2016","PC","Percentage","0","Units",,,11.5,,
"USA","United States","EMP3","Unemployment rate, by sex and age group","WOMEN","Women","1524","15-24","2016","2016","PC","Percentage","0","Units",,,9.3,,
"USA","United States","EMP3","Unemployment rate, by sex and age group","MEN","Men","1564","15-64","2016","2016","PC","Percentage","0","Units",,,5,,
"USA","United States","EMP3","Unemployment rate, by sex and age group","WOMEN","Women","1564","15-64","2016","2016","PC","Percentage","0","Units",,,4.8,,
"USA","United States","EMP3","Unemployment rate, by sex and age group","MEN","Men","2554","25-54","2016","2016","PC","Percentage","0","Units",,,4,,
"USA","United States","EMP3","Unemployment rate, by sex and age group","WOMEN","Women","2554","25-54","2016","2016","PC","Percentage","0","Units",,,4.3,,
"USA","United States","EMP3","Unemployment rate, by sex and age group","MEN","Men","5564","55-64","2016","2016","PC","Percentage","0","Units",,,3.8,,
"USA","United States","EMP3","Unemployment rate, by sex and age group","WOMEN","Women","5564","55-64","2016","2016","PC","Percentage","0","Units",,,3.3,,
"USA","United States","EMP3","Unemployment rate, by sex and age group","MEN","Men","TOTAL","Total","2017","2017","PC","Percentage","0","Units",,,4.4,,
"USA","United States","EMP3","Unemployment rate, by sex and age group","WOMEN","Women","TOTAL","Total","2017","2017","PC","Percentage","0","Units",,,4.3,,
"USA","United States","EMP3","Unemployment rate, by sex and age group","MEN","Men","1524","15-24","2017","2017","PC","Percentage","0","Units",,,10.3,,
"USA","United States","EMP3","Unemployment rate, by sex and age group","WOMEN","Women","1524","15-24","2017","2017","PC","Percentage","0","Units",,,8.1,,
"USA","United States","EMP3","Unemployment rate, by sex and age group","MEN","Men","1564","15-64","2017","2017","PC","Percentage","0","Units",,,4.5,,
"USA","United States","EMP3","Unemployment rate, by sex and age group","WOMEN","Women","1564","15-64","2017","2017","PC","Percentage","0","Units",,,4.3,,
"USA","United States","EMP3","Unemployment rate, by sex and age group","MEN","Men","2554","25-54","2017","2017","PC","Percentage","0","Units",,,3.6,,
"USA","United States","EMP3","Unemployment rate, by sex and age group","WOMEN","Women","2554","25-54","2017","2017","PC","Percentage","0","Units",,,3.9,,
"USA","United States","EMP3","Unemployment rate, by sex and age group","MEN","Men","5564","55-64","2017","2017","PC","Percentage","0","Units",,,3.1,,
"USA","United States","EMP3","Unemployment rate, by sex and age group","WOMEN","Women","5564","55-64","2017","2017","PC","Percentage","0","Units",,,3.1,,
"USA","United States","EMP3","Unemployment rate, by sex and age group","MEN","Men","TOTAL","Total","2018","2018","PC","Percentage","0","Units",,,3.9,,
"USA","United States","EMP3","Unemployment rate, by sex and age group","WOMEN","Women","TOTAL","Total","2018","2018","PC","Percentage","0","Units",,,3.8,,
"USA","United States","EMP3","Unemployment rate, by sex and age group","MEN","Men","1524","15-24","2018","2018","PC","Percentage","0","Units",,,9.5,,
"USA","United States","EMP3","Unemployment rate, by sex and age group","WOMEN","Women","1524","15-24","2018","2018","PC","Percentage","0","Units",,,7.7,,
"USA","United States","EMP3","Unemployment rate, by sex and age group","MEN","Men","1564","15-64","2018","2018","PC","Percentage","0","Units",,,4,,
"USA","United States","EMP3","Unemployment rate, by sex and age group","WOMEN","Women","1564","15-64","2018","2018","PC","Percentage","0","Units",,,3.9,,
"USA","United States","EMP3","Unemployment rate, by sex and age group","MEN","Men","2554","25-54","2018","2018","PC","Percentage","0","Units",,,3.2,,
"USA","United States","EMP3","Unemployment rate, by sex and age group","WOMEN","Women","2554","25-54","2018","2018","PC","Percentage","0","Units",,,3.4,,
"USA","United States","EMP3","Unemployment rate, by sex and age group","MEN","Men","5564","55-64","2018","2018","PC","Percentage","0","Units",,,3,,
"USA","United States","EMP3","Unemployment rate, by sex and age group","WOMEN","Women","5564","55-64","2018","2018","PC","Percentage","0","Units",,,2.7,,
"USA","United States","EMP3","Unemployment rate, by sex and age group","MEN","Men","TOTAL","Total","2019","2019","PC","Percentage","0","Units",,,3.7,,
"USA","United States","EMP3","Unemployment rate, by sex and age group","WOMEN","Women","TOTAL","Total","2019","2019","PC","Percentage","0","Units",,,3.6,,
"USA","United States","EMP3","Unemployment rate, by sex and age group","MEN","Men","1524","15-24","2019","2019","PC","Percentage","0","Units",,,9.4,,
"USA","United States","EMP3","Unemployment rate, by sex and age group","WOMEN","Women","1524","15-24","2019","2019","PC","Percentage","0","Units",,,7.3,,
"USA","United States","EMP3","Unemployment rate, by sex and age group","MEN","Men","1564","15-64","2019","2019","PC","Percentage","0","Units",,,3.8,,
"USA","United States","EMP3","Unemployment rate, by sex and age group","WOMEN","Women","1564","15-64","2019","2019","PC","Percentage","0","Units",,,3.6,,
"USA","United States","EMP3","Unemployment rate, by sex and age group","MEN","Men","2554","25-54","2019","2019","PC","Percentage","0","Units",,,3,,
"USA","United States","EMP3","Unemployment rate, by sex and age group","WOMEN","Women","2554","25-54","2019","2019","PC","Percentage","0","Units",,,3.1,,
"USA","United States","EMP3","Unemployment rate, by sex and age group","MEN","Men","5564","55-64","2019","2019","PC","Percentage","0","Units",,,2.5,,
"USA","United States","EMP3","Unemployment rate, by sex and age group","WOMEN","Women","5564","55-64","2019","2019","PC","Percentage","0","Units",,,2.7,,
"USA","United States","EMP3","Unemployment rate, by sex and age group","MEN","Men","TOTAL","Total","2020","2020","PC","Percentage","0","Units",,,7.8,,
"USA","United States","EMP3","Unemployment rate, by sex and age group","WOMEN","Women","TOTAL","Total","2020","2020","PC","Percentage","0","Units",,,8.3,,
"USA","United States","EMP3","Unemployment rate, by sex and age group","MEN","Men","1524","15-24","2020","2020","PC","Percentage","0","Units",,,15,,
"USA","United States","EMP3","Unemployment rate, by sex and age group","WOMEN","Women","1524","15-24","2020","2020","PC","Percentage","0","Units",,,14.8,,
"USA","United States","EMP3","Unemployment rate, by sex and age group","MEN","Men","1564","15-64","2020","2020","PC","Percentage","0","Units",,,7.9,,
"USA","United States","EMP3","Unemployment rate, by sex and age group","WOMEN","Women","1564","15-64","2020","2020","PC","Percentage","0","Units",,,8.3,,
"USA","United States","EMP3","Unemployment rate, by sex and age group","MEN","Men","2554","25-54","2020","2020","PC","Percentage","0","Units",,,6.9,,
"USA","United States","EMP3","Unemployment rate, by sex and age group","WOMEN","Women","2554","25-54","2020","2020","PC","Percentage","0","Units",,,7.3,,
"USA","United States","EMP3","Unemployment rate, by sex and age group","MEN","Men","5564","55-64","2020","2020","PC","Percentage","0","Units",,,6.4,,
"USA","United States","EMP3","Unemployment rate, by sex and age group","WOMEN","Women","5564","55-64","2020","2020","PC","Percentage","0","Units",,,7.1,,
